subject	A1	A2	B1	B2	C1	C2	DQA11	DQA12	DQB11	DQB12	DRB11	DRB12
107_chr6	A*31:01:02	A*02:01:01	B*07:02:01	B*40:01:02	C*07:02:01	C*03:04:01	DQA1*01:02:01	DQA1*01:02:01	DQB1*06:02:01	DQB1*06:09:01	DRB1*13:02:01	DRB1*15:01:01
67_chr6	A*33:01:01	A*02:02:01	B*57:03:01	B*57:03:01	C*02:10:01	C*18:02	DQA1*02:01:01	DQA1*02:01:01	DQB1*02:02:01	DQB1*02:02:01	DRB1*03:01:01	DRB1*07:01:01
77_chr6	A*03:01:01	A*02:01:01	B*37:01:01	B*44:03:01	C*06:02:01	C*16:01:01	DQA1*02:01:01	DQA1*02:01:01	DQB1*05:01:01	DQB1*02:02:01	DRB1*10:01:01	DRB1*07:01:01
7_chr6	A*23:01:01	A*29:02:01	B*58:01:01	B*42:01:01	C*07:18	C*17:01:01	DQA1*04:01:01	DQA1*04:01:01	DQB1*04:02:01	DQB1*04:02:01	DRB1*03:06	DRB1*14:02:01
14_chr6	A*03:01:01	A*02:05:01	B*50:01:01	B*51:01:01	C*15:02:01	C*06:02:01	DQA1*01:01:01	DQA1*01:02:02	DQB1*05:01:01	DQB1*05:02:01	DRB1*10:01:01	DRB1*11:01:01
117_chr6	A*01:01:01	A*02:01:01	B*07:02:01	B*08:01:01	C*07:01:01	C*07:02:01	DQA1*05:01:01	DQA1*01:02:01	DQB1*02:01:01	DQB1*06:02:01	DRB1*03:01:01	DRB1*15:01:01
19_chr6	A*02:24:01	A*02:01:01	B*35:01:01	B*07:02:01	C*04:01:01	C*04:01:01	DQA1*02:01:01	DQA1*02:01:01	DQB1*03:01:01	DQB1*02:02:01	DRB1*11:01:01	DRB1*07:01:01
24_chr6	A*29:02:01	A*23:01:01	B*58:01:01	B*42:01:01	C*07:18	C*17:01:01	DQA1*04:01:01	DQA1*04:01:02	DQB1*04:01:01	DQB1*04:02:01	DRB1*14:02:01	DRB1*14:02:01
47_chr6	A*03:01:01	A*68:02:01	B*81:01	B*35:01:01	C*18:01	C*04:01:01	DQA1*01:01:01	DQA1*05:05:01	DQB1*05:01:01	DQB1*03:01:01	DRB1*11:02:01	DRB1*01:01:01
81_chr6	A*02:24:01	A*02:01:01	B*35:01:01	B*07:02:01	C*07:02:01	C*04:01:01	DQA1*02:01:01	DQA1*02:01:01	DQB1*03:01:01	DQB1*02:02:01	DRB1*11:01:01	DRB1*07:01:01
29_chr6	A*03:01:01	A*26:01:01	B*08:01:01	B*44:03:01	C*07:01:01	C*16:01:01	DQA1*05:01:01	DQA1*04:01:01	DQB1*04:02:01	DQB1*02:01:01	DRB1*03:01:01	DRB1*14:02:01
127_chr6	A*01:01:01	A*02:01:01	B*08:01:01	B*08:01:01	C*07:01:01	C*07:01:50	DQA1*05:01:01	DQA1*05:01:01	DQB1*02:53Q	DQB1*02:53Q	DRB1*03:01:01	DRB1*03:01:01
39_chr6	A*03:01:01	A*02:01:01	B*37:01:01	B*44:03:01	C*06:02:01	C*16:01:01	DQA1*02:01:01	DQA1*02:01:01	DQB1*05:01:01	DQB1*02:02:01	DRB1*10:01:01	DRB1*07:01:01
91_chr6	A*11:69N	A*03:78	B*37:01:01	B*07:02:01	C*07:02:01	C*06:02:01	DQA1*03:01:01	DQA1*03:01:01	DQB1*03:02:01	DQB1*06:02:01	DRB1*04:01:01	DRB1*15:01:01
57_chr6	A*02:01:01	A*02:01:01	B*07:02:01	B*44:02:01	C*07:02:01	C*05:01:01	DQA1*03:01:01	DQA1*03:01:01	DQB1*03:02:01	DQB1*06:02:01	DRB1*04:01:01	DRB1*15:01:01
34_chr6	A*03:01:01	A*68:02:01	B*81:01	B*35:01:01	C*18:01	C*04:01:01	DQA1*01:01:01	DQA1*05:05:01	DQB1*05:01:01	DQB1*03:01:01	DRB1*11:02:01	DRB1*01:01:01
54_chr6	A*03:02:01	A*02:01:01	B*49:01:01	B*40:02:01	C*07:01:01	C*03:04:01	DQA1*01:02:01	DQA1*05:05:01	DQB1*06:09:01	DQB1*03:01:01	DRB1*11:01:01	DRB1*13:02:01
37_chr6	A*03:01:01	A*02:01:01	B*37:01:01	B*44:03:01	C*06:02:01	C*16:01:01	DQA1*02:01:01	DQA1*02:01:01	DQB1*05:01:01	DQB1*02:02:01	DRB1*10:01:01	DRB1*07:01:01
59_chr6	A*33:01:01	A*02:02:01	B*57:03:01	B*57:03:01	C*02:10:01	C*18:02	DQA1*02:01:01	DQA1*02:01:01	DQB1*02:01:01	DQB1*02:02:01	DRB1*03:01:01	DRB1*07:01:01
92_chr6	A*03:01:01	A*02:05:01	B*50:01:01	B*51:01:01	C*15:02:01	C*06:02:01	DQA1*01:05:01	DQA1*01:02:02	DQB1*05:01:01	DQB1*05:02:01	DRB1*10:01:01	DRB1*11:01:01
82_chr6	A*11:01:01	A*02:02:01	B*41:01:01	B*15:02:01	C*17:01:01	C*08:01:01	DQA1*03:01:01	DQA1*03:02	DQB1*05:03:01	DQB1*03:02:01	DRB1*14:54:01	DRB1*09:01:02
49_chr6	A*01:01:01	A*02:01:01	B*07:02:01	B*08:01:01	C*07:01:01	C*07:02:01	DQA1*05:01:01	DQA1*01:02:01	DQB1*02:53Q	DQB1*06:02:01	DRB1*03:01:01	DRB1*15:01:01
124_chr6	A*03:01:01	A*26:01:01	B*08:01:01	B*44:03:01	C*07:01:01	C*16:01:01	DQA1*05:01:01	DQA1*04:01:01	DQB1*04:02:01	DQB1*02:01:01	DRB1*03:01:01	DRB1*14:02:01
27_chr6	A*01:01:01	A*11:01:01	B*08:01:01	B*08:01:01	C*07:01:01	C*07:01:50	DQA1*05:01:01	DQA1*05:01:01	DQB1*02:01:01	DQB1*02:01:08	DRB1*03:01:01	DRB1*03:01:01
44_chr6	A*01:01:01	A*02:01:01	B*07:02:01	B*08:01:01	C*07:01:01	C*07:02:01	DQA1*05:01:01	DQA1*01:02:01	DQB1*06:02:01	DQB1*02:01:01	DRB1*03:01:01	DRB1*15:01:01
114_chr6	A*03:01:01	A*68:02:01	B*81:01	B*35:01:01	C*18:01	C*04:01:01	DQA1*01:01:01	DQA1*05:05:01	DQB1*05:01:01	DQB1*03:01:01	DRB1*11:02:01	DRB1*01:01:01
79_chr6	A*02:01:01	A*68:01:02	B*44:02:01	B*44:02:01	C*07:04:01	C*05:01:01	DQA1*01:01:01	DQA1*05:05:01	DQB1*05:01:01	DQB1*03:01:01	DRB1*01:01:01	DRB1*11:01:01
9_chr6	A*33:01:01	A*02:02:01	B*57:03:01	B*57:03:01	C*02:10:01	C*18:02	DQA1*02:01:01	DQA1*02:01:01	DQB1*02:01:01	DQB1*02:02:01	DRB1*03:01:01	DRB1*07:01:01
74_chr6	A*31:46	A*02:01:01	B*07:02:01	B*40:01:02	C*07:02:01	C*03:04:01	DQA1*01:02:01	DQA1*01:02:01	DQB1*06:02:01	DQB1*06:09:01	DRB1*13:02:01	DRB1*15:01:01
119_chr6	A*03:02:01	A*02:01:01	B*40:02:01	B*49:01:01	C*07:01:50	C*03:04:01	DQA1*01:02:01	DQA1*05:05:01	DQB1*03:01:01	DQB1*06:09:01	DRB1*11:01:01	DRB1*13:02:01
17_chr6	A*31:01:02	A*02:01:01	B*07:02:01	B*40:01:02	C*07:02:01	C*03:04:01	DQA1*01:02:01	DQA1*01:02:01	DQB1*06:02:01	DQB1*06:03:01	DRB1*13:02:01	DRB1*15:01:01
4_chr6	A*02:24:01	A*02:01:01	B*35:01:01	B*07:02:01	C*07:02:01	C*04:01:01	DQA1*02:01:01	DQA1*02:01:01	DQB1*02:02:01	DQB1*03:01:01	DRB1*11:01:01	DRB1*07:01:01
64_chr6	A*01:01:01	A*11:01:01	B*08:01:01	B*08:01:01	C*07:01:01	C*07:01:50	DQA1*05:01:01	DQA1*05:01:01	DQB1*02:01:01	DQB1*02:01:01	DRB1*03:01:01	DRB1*03:01:01
109_chr6	A*02:24:01	A*02:01:01	B*07:02:01	B*35:01:01	C*07:02:01	C*04:01:01	DQA1*02:01:01	DQA1*02:01:01	DQB1*03:01:01	DQB1*02:02:01	DRB1*11:01:01	DRB1*07:01:01
104_chr6	A*03:78	A*68:02:01	B*81:01	B*35:01:01	C*18:01	C*04:01:01	DQA1*01:01:01	DQA1*05:05:01	DQB1*05:01:01	DQB1*03:01:01	DRB1*11:02:01	DRB1*01:01:01
69_chr6	A*31:01:02	A*02:01:01	B*07:02:01	B*40:01:02	C*07:02:01	C*03:04:01	DQA1*01:02:01	DQA1*01:02:01	DQB1*06:02:01	DQB1*06:09:01	DRB1*13:02:01	DRB1*15:01:01
112_chr6	A*11:01:01	A*02:02:01	B*15:02:01	B*41:01:01	C*17:01:01	C*08:01:01	DQA1*03:01:01	DQA1*03:03:01	DQB1*05:03:01	DQB1*05:56	DRB1*14:54:01	DRB1*09:01:02
11_chr6	A*01:01:01	A*02:01:01	B*07:02:01	B*08:01:01	C*07:01:01	C*07:02:01	DQA1*05:01:01	DQA1*01:02:01	DQB1*06:02:01	DQB1*02:01:01	DRB1*03:01:01	DRB1*15:01:01
2_chr6	A*02:01:01	A*68:01:02	B*44:02:01	B*44:02:01	C*07:04:01	C*05:01:01	DQA1*01:01:01	DQA1*05:05:01	DQB1*05:01:01	DQB1*03:01:01	DRB1*01:01:01	DRB1*11:01:01
72_chr6	A*31:46	A*02:01:01	B*07:02:01	B*40:01:02	C*07:02:01	C*03:04:01	DQA1*01:02:01	DQA1*01:02:01	DQB1*06:02:01	DQB1*06:09:01	DRB1*13:02:01	DRB1*15:01:01
62_chr6	A*23:01:01	A*29:02:01	B*48:02:01	B*42:01:01	C*07:18	C*17:01:01	DQA1*04:01:01	DQA1*04:01:01	DQB1*04:02:01	DQB1*04:02:01	DRB1*03:06	DRB1*14:02:01
102_chr6	A*02:01:01	A*02:01:01	B*07:02:01	B*44:02:01	C*07:02:01	C*05:01:01	DQA1*03:01:01	DQA1*03:01:01	DQB1*03:02:01	DQB1*06:02:01	DRB1*04:01:01	DRB1*15:01:01
99_chr6	A*02:24:01	A*02:77	B*35:01:01	B*07:02:01	C*07:02:01	C*04:01:01	DQA1*02:01:01	DQA1*02:01:01	DQB1*03:01:01	DQB1*02:02:01	DRB1*11:01:01	DRB1*07:01:01
31_chr6	A*03:01:01	A*11:01:01	B*07:02:01	B*37:01:01	C*07:02:01	C*06:02:01	DQA1*03:01:01	DQA1*03:01:01	DQB1*06:02:01	DQB1*03:02:01	DRB1*04:01:01	DRB1*15:01:01
52_chr6	A*03:01:01	A*11:01:01	B*37:01:01	B*07:02:01	C*07:02:01	C*06:02:01	DQA1*03:01:01	DQA1*03:01:01	DQB1*06:02:01	DQB1*03:02:01	DRB1*04:01:01	DRB1*15:01:01
94_chr6	A*01:37	A*02:01:01	B*08:01:01	B*08:01:01	C*07:01:50	C*07:01:50			DQB1*02:01:01	DQB1*02:02:01	DRB1*03:01:01	DRB1*03:01:01
122_chr6	A*01:01:01	A*02:01:01	B*08:01:01	B*08:01:01	C*07:01:01	C*07:01:50	DQA1*05:01:01	DQA1*05:01:01	DQB1*02:01:01	DQB1*02:01:01	DRB1*03:01:01	DRB1*03:01:01
84_chr6	A*03:02:01	A*02:01:01	B*49:01:01	B*40:02:01	C*07:01:50	C*03:04:01	DQA1*01:02:01	DQA1*05:05:01	DQB1*06:09:01	DQB1*03:01:01	DRB1*11:01:01	DRB1*13:02:01
42_chr6	A*23:01:01	A*29:02:01	B*58:01:01	B*42:01:01	C*07:18	C*17:01:01	DQA1*04:01:01	DQA1*04:01:02	DQB1*04:02:01	DQB1*04:02:05	DRB1*14:02:01	DRB1*14:02:01
21_chr6	A*02:01:01	A*68:01:02	B*44:02:01	B*44:02:01	C*07:04:01	C*05:01:01	DQA1*01:01:01	DQA1*05:05:01	DQB1*05:01:01	DQB1*03:01:01	DRB1*01:01:01	DRB1*11:01:01
89_chr6	A*03:218	A*02:01:01	B*40:02:01	B*49:01:01	C*07:01:01	C*03:04:01	DQA1*01:02:01	DQA1*05:05:01	DQB1*03:01:01	DQB1*06:09:01	DRB1*11:01:01	DRB1*13:02:01
41_chr6	A*03:01:01	A*02:05:01	B*50:01:01	B*51:01:01	C*15:02:01	C*06:02:01	DQA1*01:01:01	DQA1*01:02:01	DQB1*05:01:01	DQB1*05:02:01	DRB1*10:01:01	DRB1*11:01:01
22_chr6	A*03:78	A*11:69N	B*37:01:01	B*07:02:01	C*07:02:01	C*06:02:01	DQA1*03:01:01	DQA1*03:01:01	DQB1*03:02:01	DQB1*06:02:01	DRB1*04:01:01	DRB1*15:01:01
121_chr6	A*33:01:01	A*02:02:01	B*57:03:01	B*57:03:01	C*02:10:01	C*18:02	DQA1*02:01:01	DQA1*02:01:01	DQB1*02:01:01	DQB1*02:02:01	DRB1*03:01:01	DRB1*07:01:01
87_chr6	A*01:01:01	A*11:01:01	B*08:01:01	B*08:01:01	C*07:01:01	C*07:01:50	DQA1*05:01:01	DQA1*05:01:01	DQB1*02:01:01	DQB1*02:01:01	DRB1*03:01:01	DRB1*03:01:01
97_chr6	A*03:01:01	A*02:05:01	B*50:01:01	B*51:01:01	C*15:02:01	C*06:02:01	DQA1*01:05:01	DQA1*01:02:02	DQB1*05:01:01	DQB1*05:02:01	DRB1*10:01:01	DRB1*11:01:01
32_chr6	A*01:01:01	A*02:01:01	B*07:02:01	B*08:01:01	C*07:01:01	C*07:02:01	DQA1*05:01:01	DQA1*01:02:01	DQB1*02:01:01	DQB1*06:02:01	DRB1*03:01:01	DRB1*15:01:01
51_chr6	A*03:01:01	A*02:05:01	B*50:01:01	B*51:01:01	C*15:02:01	C*06:02:01	DQA1*01:01:01	DQA1*01:02:02	DQB1*05:01:01	DQB1*05:02:01	DRB1*10:01:01	DRB1*11:01:01
101_chr6	A*02:24:01	A*02:06:01	B*35:01:01	B*07:02:01	C*07:02:01	C*04:01:01	DQA1*02:01:01	DQA1*02:01:01	DQB1*02:02:01	DQB1*03:01:01	DRB1*11:01:01	DRB1*07:01:01
61_chr6	A*03:01:01	A*68:02:01	B*81:01	B*35:01:01	C*18:01	C*04:01:01	DQA1*01:01:01	DQA1*05:05:01	DQB1*05:01:01	DQB1*03:01:01	DRB1*11:02:01	DRB1*01:01:01
1_chr6	A*03:01:01	A*02:01:01	B*44:03:32	B*37:01:01	C*06:02:01	C*16:01:01	DQA1*02:01:01	DQA1*02:01:01	DQB1*05:01:01	DQB1*02:02:01	DRB1*10:01:01	DRB1*07:01:01
12_chr6	A*03:01:01	A*02:05:01	B*50:01:01	B*51:01:01	C*15:02:01	C*06:02:01	DQA1*01:01:01	DQA1*01:02:02	DQB1*05:01:01	DQB1*05:02:01	DRB1*10:01:01	DRB1*11:01:01
71_chr6	A*03:01:01	A*02:01:01	B*37:01:01	B*44:03:01	C*06:02:01	C*16:01:01	DQA1*02:01:01	DQA1*02:01:01	DQB1*05:01:01	DQB1*02:02:01	DRB1*10:01:01	DRB1*07:01:01
111_chr6	A*33:01:01	A*02:02:01	B*57:03:01	B*57:03:01	C*02:10:01	C*18:02	DQA1*02:01:01	DQA1*02:01:01	DQB1*02:01:01	DQB1*02:02:01	DRB1*03:01:01	DRB1*07:01:01
96_chr6	A*01:37	A*02:01:01	B*07:02:01	B*08:01:01	C*07:01:01	C*07:02:01	DQA1*05:01:01	DQA1*01:02:01	DQB1*06:02:01	DQB1*02:53Q	DRB1*03:01:01	DRB1*15:01:01
50_chr6	A*33:01:01	A*02:02:01	B*57:03:01	B*57:03:01	C*02:10:01	C*18:02	DQA1*02:01:01	DQA1*02:01:01	DQB1*02:01:01	DQB1*02:02:01	DRB1*03:01:01	DRB1*07:01:01
33_chr6	A*03:01:01	A*02:05:01	B*50:01:01	B*51:01:01	C*15:02:01	C*06:02:01	DQA1*01:05:01	DQA1*01:02:01	DQB1*05:01:01	DQB1*05:02:01	DRB1*10:01:01	DRB1*11:01:01
23_chr6	A*02:01:01	A*02:01:01	B*07:02:01	B*44:02:01	C*07:02:01	C*05:01:01	DQA1*03:01:01	DQA1*03:01:01	DQB1*03:02:01	DQB1*06:02:01	DRB1*04:01:01	DRB1*15:01:01
40_chr6	A*11:01:01	A*02:02:01	B*15:02:01	B*41:01:01	C*17:01:01	C*08:01:01	DQA1*03:02	DQA1*03:02	DQB1*05:03:01	DQB1*03:03:02	DRB1*14:54:01	DRB1*09:01:02
86_chr6	A*31:01:02	A*02:01:01	B*07:02:01	B*40:01:02	C*07:02:01	C*03:04:01	DQA1*01:02:01	DQA1*01:02:01	DQB1*06:02:01	DQB1*06:03:01	DRB1*13:02:01	DRB1*13:02:01
120_chr6	A*03:01:01	A*02:05:01	B*50:01:01	B*51:01:01	C*15:02:01	C*06:02:01	DQA1*01:05:01	DQA1*01:02:02	DQB1*05:01:01	DQB1*05:02:01	DRB1*10:01:01	DRB1*11:01:01
70_chr6	A*02:24:01	A*02:01:01	B*07:02:01	B*35:01:01	C*07:02:01	C*04:01:01	DQA1*02:01:01	DQA1*02:01:01	DQB1*02:02:01	DQB1*03:01:01	DRB1*11:01:01	DRB1*07:01:01
13_chr6	A*23:01:01	A*29:02:01	B*58:01:01	B*42:01:01	C*07:18	C*17:01:01	DQA1*04:01:01	DQA1*04:01:01	DQB1*04:02:01	DQB1*04:02:01	DRB1*03:06	DRB1*14:02:01
110_chr6	A*03:02:01	A*02:01:01	B*49:01:01	B*40:02:01	C*07:01:01	C*03:04:01	DQA1*01:02:01	DQA1*05:05:01	DQB1*06:09:01	DQB1*03:01:01	DRB1*11:01:01	DRB1*13:02:01
100_chr6	A*11:01:01	A*02:02:01	B*15:02:01	B*41:01:01	C*17:01:01	C*08:01:01	DQA1*03:01:01	DQA1*03:02	DQB1*05:03:01	DQB1*05:02:01	DRB1*14:54:01	DRB1*09:01:02
60_chr6	A*02:01:01	A*68:01:02	B*44:02:01	B*44:02:38	C*07:04:01	C*05:01:01	DQA1*01:01:01	DQA1*05:05:01	DQB1*05:01:01	DQB1*03:01:01	DRB1*01:01:01	DRB1*11:01:01
63_chr6	A*02:01:01	A*68:01:02	B*44:02:01	B*44:02:01	C*07:04:01	C*05:01:01	DQA1*01:01:01	DQA1*05:05:01	DQB1*05:01:01	DQB1*03:01:01	DRB1*01:01:01	DRB1*11:01:01
103_chr6	A*23:01:01	A*29:02:01	B*42:01:01	B*58:01:01	C*07:18	C*17:01:01	DQA1*04:01:01	DQA1*04:01:01	DQB1*04:02:01	DQB1*04:02:05	DRB1*03:06	DRB1*14:02:01
113_chr6	A*01:37	A*02:01:01	B*08:01:01	B*08:01:01	C*07:01:01	C*07:01:01	DQA1*05:01:01	DQA1*05:01:01	DQB1*02:53Q	DQB1*02:53Q	DRB1*03:01:01	DRB1*03:01:01
73_chr6	A*03:01:01	A*68:02:01	B*81:01	B*35:01:01	C*18:01	C*04:01:01	DQA1*01:01:01	DQA1*05:05:01	DQB1*05:01:01	DQB1*03:01:01	DRB1*11:02:01	DRB1*01:01:01
10_chr6	A*01:01:01	A*02:01:01	B*08:01:01	B*08:01:01	C*07:01:01	C*07:01:50	DQA1*05:01:01	DQA1*05:01:01	DQB1*02:53Q	DQB1*02:53Q	DRB1*03:01:01	DRB1*03:01:01
3_chr6	A*03:78	A*11:01:01	B*37:01:01	B*07:02:01	C*07:02:01	C*06:02:01	DQA1*03:01:01	DQA1*03:01:01	DQB1*06:02:01	DQB1*03:02:01	DRB1*04:01:01	DRB1*15:01:01
85_chr6	A*03:01:01	A*26:01:01	B*08:01:01	B*44:03:01	C*07:01:01	C*16:01:01	DQA1*05:01:01	DQA1*04:01:01	DQB1*04:02:01	DQB1*02:01:01	DRB1*03:01:01	DRB1*14:02:01
123_chr6	A*01:01:01	A*02:01:01	B*07:02:01	B*08:01:01	C*07:01:01	C*07:02:01	DQA1*01:02:01	DQA1*05:01:01	DQB1*02:01:01	DQB1*06:02:01	DRB1*03:01:01	DRB1*15:01:01
20_chr6	A*03:01:01	A*68:02:01	B*81:01	B*35:01:01	C*18:01	C*04:01:01	DQA1*01:01:01	DQA1*05:05:01	DQB1*03:01:01	DQB1*05:01:01	DRB1*11:02:01	DRB1*01:01:01
88_chr6	A*02:01:01	A*02:01:01	B*07:02:01	B*44:02:01	C*07:02:01	C*05:01:01	DQA1*03:01:01	DQA1*03:01:01	DQB1*03:02:01	DQB1*06:02:01	DRB1*04:01:01	DRB1*15:01:01
43_chr6	A*11:01:01	A*02:02:01	B*15:02:01	B*41:01:01	C*17:01:01	C*08:01:01	DQA1*03:01:01	DQA1*03:03:01	DQB1*05:03:01	DQB1*05:56	DRB1*13:08	DRB1*09:01:02
53_chr6	A*02:01:01	A*02:01:01	B*07:02:01	B*44:02:01	C*07:02:01	C*05:01:01	DQA1*03:01:01	DQA1*03:01:01	DQB1*06:02:01	DQB1*03:02:01	DRB1*04:01:01	DRB1*15:01:01
98_chr6	A*11:69N	A*02:02:01	B*15:02:01	B*41:01:01	C*17:01:01	C*08:01:01	DQA1*03:01:01	DQA1*03:02	DQB1*05:03:01	DQB1*05:56	DRB1*14:54:01	DRB1*09:01:02
30_chr6	A*03:01:01	A*11:01:01	B*37:01:01	B*07:02:01	C*07:02:01	C*06:02:01	DQA1*03:01:01	DQA1*03:01:01	DQB1*06:02:01	DQB1*03:02:01	DRB1*04:01:01	DRB1*15:01:01
95_chr6	A*01:01:01	A*11:01:01	B*08:01:01	B*08:01:01	C*07:01:01	C*07:01:50	DQA1*05:01:01	DQA1*05:01:01	DQB1*02:01:01	DQB1*02:01:01	DRB1*03:01:01	DRB1*03:01:01
125_chr6	A*01:01:01	A*02:01:01	B*08:01:01	B*08:01:01	C*07:01:01	C*07:01:50	DQA1*05:01:01	DQA1*05:01:01	DQB1*02:01:01	DQB1*02:01:01	DRB1*03:01:01	DRB1*03:01:01
48_chr6	A*01:01:01	A*11:01:01	B*08:01:01	B*08:01:01	C*07:01:01	C*07:01:50	DQA1*05:01:01	DQA1*05:01:01	DQB1*02:53Q	DQB1*02:53Q	DRB1*03:01:01	DRB1*03:01:01
83_chr6	A*03:02:01	A*02:01:01	B*49:01:01	B*40:02:01	C*07:01:01	C*03:04:01	DQA1*01:02:01	DQA1*05:05:01	DQB1*03:01:01	DQB1*06:09:01	DRB1*11:01:01	DRB1*13:02:01
45_chr6	A*11:69N	A*03:01:01	B*37:01:01	B*07:02:01	C*07:02:01	C*06:02:01	DQA1*03:01:01	DQA1*03:01:01	DQB1*06:02:01	DQB1*03:02:01	DRB1*04:01:01	DRB1*15:01:01
26_chr6	A*31:01:02	A*02:01:01	B*07:02:01	B*40:01:02	C*07:02:01	C*03:04:01	DQA1*01:02:01	DQA1*01:02:01	DQB1*06:02:01	DQB1*06:09:01	DRB1*13:02:01	DRB1*15:01:01
36_chr6	A*02:01:01	A*68:01:02	B*44:02:01	B*44:02:01	C*07:04:01	C*05:01:01	DQA1*01:01:01	DQA1*05:05:01	DQB1*05:01:01	DQB1*03:01:01	DRB1*01:01:01	DRB1*11:01:01
55_chr6	A*03:01:01	A*26:01:01	B*44:03:32	B*08:01:01	C*07:01:01	C*16:01:01	DQA1*05:01:01	DQA1*04:01:01	DQB1*02:01:01	DQB1*04:02:01	DRB1*03:01:01	DRB1*14:02:01
93_chr6	A*01:01:38	A*11:69N	B*08:01:01	B*08:01:01	C*07:01:01	C*07:01:50	DQA1*05:01:01	DQA1*05:01:01	DQB1*02:01:01	DQB1*02:01:08	DRB1*03:01:01	DRB1*03:01:01
58_chr6	A*03:01:01	A*68:02:01	B*81:01	B*35:01:01	C*18:01	C*04:01:01	DQA1*01:01:01	DQA1*05:05:01	DQB1*05:01:01	DQB1*03:01:01	DRB1*11:02:01	DRB1*01:01:01
108_chr6	A*23:01:01	A*29:02:01	B*58:01:01	B*42:01:01	C*07:18	C*17:01:01	DQA1*04:01:01	DQA1*04:01:01	DQB1*04:02:01	DQB1*04:02:01	DRB1*03:06	DRB1*14:02:01
65_chr6	A*29:02:01	A*23:01:01	B*42:01:01	B*58:01:01	C*07:18	C*17:01:01	DQA1*04:01:01	DQA1*04:01:01	DQB1*04:02:01	DQB1*04:02:01	DRB1*03:06	DRB1*14:02:01
68_chr6	A*01:01:01	A*02:01:01	B*07:02:01	B*08:01:01	C*07:01:01	C*07:02:01	DQA1*05:01:01	DQA1*01:02:01	DQB1*06:02:01	DQB1*02:01:01	DRB1*03:01:01	DRB1*15:01:01
105_chr6	A*02:01:01	A*03:02:01	B*49:01:01	B*40:02:01	C*07:01:01	C*03:04:01	DQA1*01:02:01	DQA1*05:05:01	DQB1*06:09:01	DQB1*03:01:01	DRB1*11:01:01	DRB1*13:02:01
8_chr6	A*03:78	A*26:01:01	B*44:03:32	B*08:01:01	C*07:01:01	C*16:01:01	DQA1*05:01:01	DQA1*04:01:01	DQB1*02:01:01	DQB1*04:02:01	DRB1*03:01:01	DRB1*14:02:01
78_chr6	A*01:01:01	A*02:01:01	B*08:01:01	B*08:01:01	C*07:01:01	C*07:01:50	DQA1*05:01:01	DQA1*05:01:01	DQB1*02:01:01	DQB1*02:01:01	DRB1*03:01:01	DRB1*03:01:01
115_chr6	A*03:01:01	A*26:01:01	B*08:01:01	B*44:03:01	C*07:01:01	C*16:01:01	DQA1*05:01:01	DQA1*04:01:01	DQB1*02:01:01	DQB1*04:02:01	DRB1*03:01:01	DRB1*14:02:01
16_chr6	A*33:01:01	A*02:02:01	B*57:03:01	B*57:03:01	C*02:10:01	C*18:02	DQA1*02:01:01	DQA1*02:01:01	DQB1*02:01:01	DQB1*02:02:01	DRB1*03:01:01	DRB1*07:01:01
5_chr6	A*33:01:01	A*02:02:01	B*57:03:01	B*57:03:01	C*02:10:01	C*18:02	DQA1*02:01:01	DQA1*02:01:01	DQB1*02:01:01	DQB1*02:02:01	DRB1*03:01:01	DRB1*07:01:01
118_chr6	A*03:01:01	A*02:01:01	B*37:01:01	B*44:03:01	C*06:02:01	C*16:01:01	DQA1*02:01:01	DQA1*02:01:01	DQB1*05:01:01	DQB1*02:02:01	DRB1*10:01:01	DRB1*07:01:01
75_chr6	A*11:01:01	A*02:02:01	B*15:02:01	B*41:01:01	C*17:01:01	C*08:01:01	DQA1*03:01:01	DQA1*03:02	DQB1*05:03:01	DQB1*03:03:02	DRB1*14:54:01	DRB1*09:01:02
6_chr6	A*02:01:01	A*02:01:01	B*07:02:01	B*44:02:01	C*07:02:01	C*05:01:01	DQA1*03:01:01	DQA1*03:01:01	DQB1*06:02:01	DQB1*03:02:01	DRB1*04:01:01	DRB1*15:01:01
15_chr6	A*03:01:01	A*02:01:01	B*37:01:01	B*44:03:01	C*06:02:01	C*16:01:01	DQA1*02:01:01	DQA1*02:01:01	DQB1*05:01:01	DQB1*02:02:01	DRB1*10:01:01	DRB1*07:01:01
76_chr6	A*02:01:01	A*68:01:02	B*44:02:01	B*44:02:01	C*07:04:01	C*05:01:01	DQA1*01:01:01	DQA1*05:05:01	DQB1*05:01:01	DQB1*03:01:01	DRB1*01:01:01	DRB1*11:01:01
18_chr6	A*11:69N	A*01:01:01	B*08:01:01	B*08:01:01	C*07:01:01	C*07:01:50	DQA1*05:01:01	DQA1*05:01:01	DQB1*02:01:01	DQB1*02:01:01	DRB1*03:01:01	DRB1*03:01:01
116_chr6	A*31:01:02	A*02:01:01	B*07:02:01	B*40:01:02	C*07:02:01	C*03:04:01	DQA1*01:02:01	DQA1*01:02:01	DQB1*06:03:01	DQB1*06:09:01	DRB1*13:02:01	DRB1*15:01:01
106_chr6	A*01:37	A*11:01:01	B*08:01:01	B*08:01:01	C*07:01:01	C*07:01:01	DQA1*05:01:01	DQA1*05:01:01	DQB1*02:01:01	DQB1*02:01:01	DRB1*03:01:01	DRB1*03:01:01
66_chr6	A*03:01:01	A*26:01:01	B*44:03:32	B*08:01:01	C*07:01:01	C*16:01:01	DQA1*05:01:01	DQA1*04:01:01	DQB1*02:01:08	DQB1*04:02:01	DRB1*03:01:01	DRB1*14:02:01
38_chr6	A*03:01:01	A*11:01:01	B*07:02:01	B*37:01:01	C*07:02:01	C*06:02:01	DQA1*03:01:01	DQA1*01:02:01	DQB1*06:02:01	DQB1*03:02:01	DRB1*04:01:01	DRB1*15:01:01
90_chr6	A*03:01:01	A*26:01:01	B*44:03:32	B*08:01:01	C*07:01:01	C*16:01:01	DQA1*05:01:01	DQA1*04:01:01	DQB1*02:01:01	DQB1*04:02:01	DRB1*03:01:01	DRB1*14:02:01
35_chr6	A*02:24:01	A*02:01:01	B*35:01:01	B*07:02:01	C*07:02:01	C*04:01:01	DQA1*02:01:01	DQA1*02:01:01	DQB1*03:01:01	DQB1*02:02:01	DRB1*11:01:01	DRB1*07:01:01
56_chr6	A*11:01:01	A*02:02:01	B*41:01:01	B*15:02:01	C*17:01:01	C*08:01:01	DQA1*03:02	DQA1*03:02	DQB1*05:03:01	DQB1*03:02:01	DRB1*14:54:01	DRB1*09:01:02
46_chr6	A*02:01:01	A*68:01:02	B*44:02:01	B*44:02:01	C*07:04:01	C*05:01:01	DQA1*01:01:01	DQA1*05:05:01	DQB1*05:01:01	DQB1*03:01:01	DRB1*01:01:01	DRB1*11:01:01
25_chr6	A*02:01:01	A*02:01:01	B*07:02:01	B*44:02:01	C*07:02:01	C*05:01:01	DQA1*03:01:01	DQA1*03:01:01	DQB1*06:02:01	DQB1*03:02:01	DRB1*04:01:01	DRB1*15:01:01
126_chr6	A*01:01:01	A*02:01:01	B*08:01:01	B*08:01:01	C*07:01:50	C*07:01:50	DQA1*05:01:01	DQA1*05:01:01	DQB1*02:01:01	DQB1*02:01:01	DRB1*03:01:01	DRB1*03:01:01
80_chr6	A*03:01:01	A*02:01:01	B*44:03:32	B*37:01:01	C*06:02:01	C*16:01:01	DQA1*02:01:01	DQA1*02:01:01	DQB1*05:01:01	DQB1*02:02:01	DRB1*10:01:01	DRB1*07:01:01
28_chr6	A*02:01:01	A*02:01:01	B*07:02:01	B*44:02:01	C*07:02:01	C*05:01:01	DQA1*03:01:01	DQA1*03:01:01	DQB1*06:02:01	DQB1*03:02:01	DRB1*04:01:01	DRB1*15:01:01
