	A1	A2	B1	B2	C1	C2	Reads	Objective
1	A*02:01	A*03:01	B*37:01	B*44:03	C*06:02	C*16:01	3199.0	3112.627
2	A*02:01	A*68:01	B*44:02	B*44:02	C*05:01	C*07:04	1618.0	1588.8760000000004
3	A*03:01	A*11:01	B*07:02	B*37:01	C*06:02	C*07:02	1103.0	1073.219
4	A*02:24	A*02:29	B*07:02	B*35:01	C*04:01	C*07:02	1338.0	1301.8739999999998
5	A*02:02	A*33:01	B*15:03	B*57:03	C*18:01	C*02:10	1482.0	1441.986
6	A*02:01	A*02:01	B*07:02	B*44:02	C*05:01	C*07:02	1521.0	1493.6220000000003
7	A*23:01	A*29:02	B*42:01	B*58:01	C*07:01	C*17:01	505.0	491.3650000000003
8	A*03:01	A*26:01	B*08:01	B*44:03	C*07:01	C*16:01	2379.0	2314.767
9	A*02:02	A*33:01	B*15:03	B*57:03	C*18:01	C*02:10	1171.0	1139.3829999999996
10	A*01:01	A*02:01	B*08:01	B*08:01	C*07:01	C*07:01	2201.0	2181.191
11	A*01:01	A*02:01	B*07:02	B*08:01	C*07:01	C*07:02	1102.0	1072.2459999999996
12	A*02:05	A*03:01	B*50:01	B*51:01	C*06:02	C*15:02	2361.0	2297.253
13	A*23:01	A*29:02	B*42:01	B*58:01	C*07:01	C*17:01	505.0	491.3650000000002
14	A*02:05	A*03:01	B*50:01	B*51:01	C*06:02	C*15:02	1834.0	1784.4819999999995
15	A*02:01	A*03:01	B*37:01	B*44:03	C*06:02	C*16:01	1941.0	1888.593
16	A*02:02	A*33:01	B*15:03	B*57:03	C*18:01	C*02:10	1493.0	1452.6889999999994
17	A*02:01	A*31:01	B*07:02	B*40:01	C*03:04	C*07:02	1319.0	1283.3869999999995
18	A*01:01	A*11:01	B*08:01	B*08:01	C*07:01	C*07:01	2777.0	2752.0069999999987
19	A*02:01	A*02:24	B*07:02	B*35:01	C*04:01	C*07:02	1578.0	1535.394
20	A*03:01	A*68:02	B*35:01	B*81:01	C*04:01	C*18:01	1587.0	1544.1510000000003
21	A*02:01	A*68:01	B*44:02	B*44:02	C*05:01	C*07:04	1325.0	1301.1500000000003
22	A*03:01	A*11:01	B*07:02	B*37:01	C*06:02	C*07:02	1933.0	1880.809
23	A*02:01	A*02:01	B*07:02	B*44:02	C*05:01	C*07:02	1332.0	1308.024
24	A*23:01	A*29:02	B*42:01	B*58:01	C*07:01	C*17:01	432.0	420.3360000000002
25	A*02:01	A*02:01	B*07:02	B*44:02	C*05:01	C*07:02	893.0	876.9260000000006
26	A*02:01	A*31:01	B*07:02	B*40:01	C*03:04	C*07:02	1304.0	1268.7920000000004
27	A*01:01	A*11:01	B*08:01	B*08:01	C*07:01	C*07:01	1920.0	1902.7199999999996
28	A*02:01	A*02:01	B*07:02	B*44:02	C*05:01	C*07:02	1456.0	1429.7920000000004
29	A*03:01	A*26:01	B*08:01	B*44:03	C*07:01	C*16:01	1715.0	1668.6949999999997
30	A*03:01	A*11:01	B*07:02	B*37:01	C*06:02	C*07:02	2688.0	2615.4239999999977
31	A*03:01	A*11:01	B*07:02	B*37:01	C*06:02	C*07:02	2649.0	2577.4769999999985
32	A*01:01	A*02:01	B*07:02	B*08:01	C*07:01	C*07:02	877.0	853.321
33	A*02:05	A*03:01	B*50:01	B*51:01	C*06:02	C*15:02	1819.0	1769.8869999999995
34	A*03:01	A*68:02	B*35:01	B*81:01	C*18:01	C*04:33	1154.0	1122.8420000000003
35	A*02:01	A*02:24	B*07:02	B*35:01	C*04:01	C*07:02	1459.0	1419.6069999999995
36	A*02:22	A*68:08	B*44:02	B*44:02	C*05:01	C*07:04	1721.0	1690.0220000000006
37	A*02:01	A*03:01	B*37:01	B*44:03	C*06:02	C*16:01	1849.0	1799.0769999999995
38	A*03:01	A*11:01	B*07:02	B*37:01	C*06:02	C*07:02	2077.0	2020.920999999999
39	A*02:01	A*03:01	B*37:01	B*44:03	C*06:02	C*16:01	2892.0	2813.9159999999997
40	A*02:02	A*11:01	B*15:02	B*41:01	C*08:01	C*17:01	634.0	616.8820000000005
41	A*02:05	A*03:01	B*50:01	B*51:01	C*06:02	C*15:02	2396.0	2331.308
42	A*23:01	A*29:02	B*42:01	B*58:01	C*07:01	C*17:01	429.0	417.4170000000003
43	A*02:02	A*11:01	B*15:02	B*41:01	C*08:01	C*17:01	402.0	391.1460000000001
44	A*01:01	A*02:01	B*07:02	B*08:01	C*07:01	C*07:02	1188.0	1155.924
45	A*03:01	A*11:01	B*07:02	B*37:01	C*06:02	C*07:02	799.0	777.4270000000001
46	A*02:01	A*68:01	B*44:02	B*44:02	C*05:01	C*07:04	2092.0	2054.3440000000005
47	A*03:01	A*68:02	B*35:01	B*81:01	C*18:01	C*04:33	1599.0	1555.826999999999
48	A*01:01	A*11:01	B*08:01	B*08:01	C*07:01	C*07:01	1830.0	1813.53
49	A*01:01	A*02:01	B*07:02	B*08:01	C*07:01	C*07:02	1220.0	1187.0599999999995
50	A*02:02	A*33:01	B*15:03	B*57:03	C*18:01	C*02:10	1576.0	1533.448
51	A*02:05	A*03:01	B*50:01	B*51:01	C*06:02	C*15:02	1805.0	1756.2649999999996
52	A*03:01	A*11:01	B*07:02	B*37:01	C*06:02	C*07:02	2643.0	2571.6389999999988
53	A*02:01	A*02:01	B*07:02	B*44:02	C*05:01	C*07:02	1063.0	1043.8660000000004
54	A*02:01	A*03:02	B*40:02	B*49:01	C*03:04	C*07:01	915.0	890.2950000000002
55	A*03:01	A*26:01	B*08:01	B*44:03	C*07:01	C*16:01	2321.0	2258.3329999999983
56	A*02:02	A*11:01	B*15:02	B*41:01	C*08:01	C*17:01	594.0	577.9620000000006
57	A*02:01	A*02:01	B*07:02	B*44:02	C*05:01	C*07:02	1403.0	1377.7460000000003
58	A*03:01	A*68:02	B*35:01	B*81:01	C*18:01	C*04:33	1575.0	1532.475
59	A*02:02	A*33:01	B*15:03	B*57:03	C*18:01	C*02:10	1430.0	1391.3900000000003
60	A*02:01	A*68:01	B*44:02	B*44:02	C*05:01	C*07:04	773.0	759.0860000000002
61	A*03:01	A*68:02	B*35:01	B*81:01	C*04:01	C*18:01	1469.0	1429.3369999999995
62	A*23:01	A*29:02	B*42:01	B*58:01	C*17:01	C*07:01	456.0	443.68800000000016
63	A*02:22	A*68:08	B*44:02	B*44:02	C*05:01	C*07:04	1474.0	1447.4679999999998
64	A*01:01	A*11:01	B*08:01	B*08:01	C*07:01	C*07:01	3191.0	3162.2809999999995
65	A*23:01	A*29:02	B*42:01	B*58:01	C*07:01	C*17:01	457.0	444.6610000000001
66	A*03:01	A*26:01	B*08:01	B*44:03	C*07:01	C*16:01	1654.0	1609.342
67	A*02:02	A*33:01	B*15:03	B*57:03	C*18:01	C*02:10	426.0	414.49800000000016
68	A*01:01	A*02:01	B*07:02	B*08:01	C*07:01	C*07:02	1367.0	1330.091
69	A*02:01	A*31:01	B*07:02	B*40:01	C*03:04	C*07:02	1195.0	1162.7350000000004
70	A*02:01	A*02:24	B*07:02	B*35:01	C*04:01	C*07:02	1347.0	1310.6309999999994
71	A*02:01	A*03:01	B*37:01	B*44:03	C*06:02	C*16:01	2342.0	2278.766
72	A*02:01	A*31:01	B*07:02	B*40:01	C*03:04	C*07:02	1323.0	1287.2789999999995
73	A*03:01	A*68:02	B*35:01	B*81:01	C*04:01	C*18:01	1314.0	1278.522
74	A*02:01	A*31:01	B*07:02	B*40:01	C*03:04	C*07:02	1222.0	1189.0060000000003
75	A*02:02	A*11:01	B*15:02	B*41:01	C*08:01	C*17:01	399.0	388.22700000000015
76	A*02:22	A*68:08	B*44:02	B*44:02	C*05:01	C*07:04	1406.0	1380.6919999999998
77	A*02:01	A*03:01	B*37:01	B*44:03	C*06:02	C*16:01	1877.0	1826.3210000000008
78	A*01:01	A*02:01	B*08:01	B*08:01	C*07:01	C*07:01	1839.0	1822.449
79	A*02:01	A*68:01	B*44:02	B*44:02	C*05:01	C*07:04	1194.0	1172.5079999999996
80	A*02:01	A*03:01	B*37:01	B*44:03	C*06:02	C*16:01	2424.0	2358.551999999999
81	A*02:01	A*02:24	B*07:02	B*35:01	C*04:01	C*07:02	1319.0	1283.3870000000004
82	A*02:02	A*11:01	B*15:02	B*41:01	C*08:01	C*17:01	736.0	716.1279999999998
83	A*02:01	A*03:02	B*40:02	B*49:01	C*03:04	C*07:01	1069.0	1040.137
84	A*02:01	A*03:02	B*40:02	B*49:01	C*03:04	C*07:01	917.0	892.2409999999999
85	A*03:01	A*26:01	B*08:01	B*44:03	C*07:01	C*16:01	1427.0	1388.4710000000002
86	A*02:01	A*31:01	B*07:02	B*40:01	C*03:04	C*07:02	989.0	962.297
87	A*01:01	A*11:01	B*08:01	B*08:01	C*07:01	C*07:01	2182.0	2162.362
88	A*02:01	A*02:01	B*07:02	B*44:02	C*05:01	C*07:02	1029.0	1010.4780000000004
89	A*02:01	A*03:02	B*40:02	B*49:01	C*03:04	C*07:01	842.0	819.2659999999997
90	A*03:01	A*26:01	B*08:01	B*44:03	C*07:01	C*16:01	1588.0	1545.1239999999991
91	A*03:01	A*11:01	B*07:02	B*37:01	C*06:02	C*07:02	652.0	634.3960000000002
92	A*02:05	A*03:01	B*50:01	B*51:01	C*06:02	C*15:02	3430.0	3337.389999999997
93	A*01:01	A*11:01	B*08:01	B*08:01	C*07:01	C*07:01	1930.0	1912.6300000000003
94	A*01:01	A*02:01	B*08:01	B*08:01	C*07:01	C*07:01	80.0	79.28
95	A*01:01	A*11:01	B*08:01	B*08:01	C*07:01	C*07:01	2332.0	2311.011999999999
96	A*01:01	A*02:01	B*07:02	B*08:01	C*07:01	C*07:37	1315.0	1279.4949999999997
97	A*02:05	A*03:01	B*50:01	B*51:01	C*06:02	C*15:02	2388.0	2323.523999999999
98	A*02:02	A*11:10	B*15:02	B*41:01	C*08:01	C*17:01	710.0	690.8300000000002
99	A*02:24	A*02:29	B*07:02	B*35:01	C*04:01	C*07:02	1507.0	1466.3109999999997
100	A*02:02	A*11:01	B*15:02	B*41:01	C*08:01	C*17:01	399.0	388.2270000000003
101	A*02:22	A*68:08	B*44:02	B*44:02	C*05:01	C*07:04	1406.0	1380.692
102	A*02:01	A*02:01	B*07:02	B*44:02	C*05:01	C*07:02	1662.0	1632.0840000000003
103	A*23:01	A*29:02	B*42:01	B*58:01	C*07:01	C*17:01	492.0	478.7160000000003
104	A*03:01	A*68:02	B*35:01	B*81:01	C*18:01	C*04:33	1525.0	1483.825
105	A*02:01	A*03:02	B*40:02	B*49:01	C*03:04	C*07:01	892.0	867.9159999999995
106	A*01:01	A*11:01	B*08:01	B*08:01	C*07:01	C*07:01	1624.0	1609.383999999999
107	A*02:01	A*31:01	B*07:02	B*40:01	C*03:04	C*07:02	1182.0	1150.086
108	A*23:01	A*29:03	B*42:01	B*58:01	C*07:01	C*17:01	373.0	362.92900000000026
109	A*02:06	A*02:24	B*07:02	B*35:01	C*04:01	C*07:02	1340.0	1303.819999999999
110	A*02:01	A*03:02	B*40:02	B*49:01	C*03:04	C*07:01	851.0	828.0230000000001
111	A*02:02	A*33:01	B*15:03	B*57:03	C*18:01	C*02:10	1707.0	1660.9109999999994
112	A*02:02	A*11:01	B*15:02	B*41:01	C*08:01	C*17:01	437.0	425.2010000000005
113	A*01:01	A*02:01	B*08:01	B*08:01	C*07:01	C*07:01	761.0	754.1510000000003
114	A*03:01	A*68:02	B*35:01	B*81:01	C*18:01	C*04:33	1304.0	1268.7919999999997
115	A*03:01	A*26:01	B*08:01	B*44:03	C*07:01	C*16:01	1662.0	1617.1259999999993
116	A*02:01	A*31:01	B*07:02	B*40:01	C*03:04	C*07:02	1318.0	1282.4139999999995
117	A*01:01	A*02:01	B*07:02	B*08:01	C*07:01	C*07:02	1619.0	1575.287000000001
118	A*02:01	A*03:01	B*37:01	B*44:03	C*06:02	C*16:01	1948.0	1895.4039999999989
119	A*02:01	A*03:02	B*40:02	B*49:01	C*03:04	C*07:01	940.0	914.6199999999998
120	A*02:05	A*03:01	B*50:01	B*51:01	C*06:02	C*15:02	1895.0	1843.8349999999996
121	A*02:02	A*33:01	B*15:03	B*57:03	C*18:01	C*02:10	1985.0	1931.4049999999984
122	A*01:01	A*02:01	B*08:01	B*08:01	C*07:01	C*07:01	962.0	953.3420000000004
123	A*01:01	A*02:01	B*07:02	B*08:01	C*07:01	C*07:17	1249.0	1215.277
124	A*03:01	A*26:01	B*08:01	B*44:03	C*07:01	C*16:01	1705.0	1658.9649999999997
125	A*01:01	A*02:01	B*08:01	B*08:01	C*07:01	C*07:01	1413.0	1400.2829999999994
126	A*01:01	A*02:01	B*08:01	B*08:01	C*07:01	C*07:01	363.0	359.73300000000006
127	A*01:01	A*02:01	B*08:01	B*08:01	C*07:01	C*07:01	1763.0	1747.1329999999996
